"","tract","year","count","population","crimerate"
"1","000100",2010,377,4305,87.5725900116144
"2","000100",2011,452,4305,104.994192799071
"3","000100",2012,449,4305,104.297328687573
"4","000100",2013,469,4305,108.943089430894
"5","000100",2014,488,4305,113.35656213705
"6","000100",2015,496,4305,115.214866434379
"7","000100",2016,485,4305,112.659698025552
"8","000100",2017,524,4305,121.718931475029
"9","000100",2018,638,4305,148.199767711963
"10","000100",2019,634,4305,147.270615563298
"11","000201",2010,64,3902,16.4018452075859
"12","000201",2011,41,3902,10.5074320861097
"13","000201",2012,45,3902,11.5325474115838
"14","000201",2013,43,3902,11.0199897488467
"15","000201",2014,38,3902,9.7385955920041
"16","000201",2015,36,3902,9.22603792926704
"17","000201",2016,24,3902,6.1506919528447
"18","000201",2017,23,3902,5.89441312147617
"19","000201",2018,28,3902,7.17580727831881
"20","000201",2019,30,3902,7.68836494105587
"21","000202",2010,365,5061,72.1201343607983
"22","000202",2011,395,5061,78.0478166370283
"23","000202",2012,407,5061,80.4188895475203
"24","000202",2013,410,5061,81.0116577751433
"25","000202",2014,486,5061,96.0284528749259
"26","000202",2015,495,5061,97.8067575577949
"27","000202",2016,468,5061,92.4718435091879
"28","000202",2017,487,5061,96.2260422841336
"29","000202",2018,475,5061,93.8549693736416
"30","000202",2019,451,5061,89.1128235526576
"31","000300",2010,168,5542,30.3139660772284
"32","000300",2011,141,5542,25.4420786719596
"33","000300",2012,118,5542,21.2919523637676
"34","000300",2013,108,5542,19.4875496210754
"35","000300",2014,152,5542,27.426921688921
"36","000300",2015,146,5542,26.3442800433057
"37","000300",2016,126,5542,22.7354745579213
"38","000300",2017,118,5542,21.2919523637676
"39","000300",2018,151,5542,27.2464814146518
"40","000300",2019,154,5542,27.7878022374594
"41","000400",2010,59,1218,48.440065681445
"42","000400",2011,77,1218,63.2183908045977
"43","000400",2012,44,1218,36.1247947454844
"44","000400",2013,30,1218,24.6305418719212
"45","000400",2014,57,1218,46.7980295566502
"46","000400",2015,41,1218,33.6617405582923
"47","000400",2016,41,1218,33.6617405582923
"48","000400",2017,21,1218,17.2413793103448
"49","000400",2018,35,1218,28.735632183908
"50","000400",2019,25,1218,20.5254515599343
"51","000501",2010,93,3195,29.1079812206573
"52","000501",2011,122,3195,38.1846635367762
"53","000501",2012,110,3195,34.4287949921753
"54","000501",2013,85,3195,26.60406885759
"55","000501",2014,89,3195,27.8560250391236
"56","000501",2015,95,3195,29.7339593114241
"57","000501",2016,120,3195,37.5586854460094
"58","000501",2017,109,3195,34.1158059467919
"59","000501",2018,95,3195,29.7339593114241
"60","000501",2019,74,3195,23.1611893583725
"61","000502",2010,63,2786,22.6130653266332
"62","000502",2011,104,2786,37.3295046661881
"63","000502",2012,91,2786,32.6633165829146
"64","000502",2013,67,2786,24.0488155061019
"65","000502",2014,67,2786,24.0488155061019
"66","000502",2015,90,2786,32.3043790380474
"67","000502",2016,89,2786,31.9454414931802
"68","000502",2017,66,2786,23.6898779612347
"69","000502",2018,66,2786,23.6898779612347
"70","000502",2019,64,2786,22.9720028715004
"71","000600",2010,133,3812,34.8898216159496
"72","000600",2011,147,3812,38.5624344176285
"73","000600",2012,174,3812,45.6453305351521
"74","000600",2013,125,3812,32.791185729276
"75","000600",2014,123,3812,32.2665267576076
"76","000600",2015,176,3812,46.1699895068206
"77","000600",2016,151,3812,39.6117523609654
"78","000600",2017,106,3812,27.806925498426
"79","000600",2018,120,3812,31.4795383001049
"80","000600",2019,150,3812,39.3494228751312
"81","000701",2010,82,4255,19.2714453584019
"82","000701",2011,61,4255,14.3360752056404
"83","000701",2012,75,4255,17.6263219741481
"84","000701",2013,68,4255,15.9811985898942
"85","000701",2014,52,4255,12.2209165687427
"86","000701",2015,43,4255,10.1057579318449
"87","000701",2016,36,4255,8.46063454759107
"88","000701",2017,41,4255,9.63572267920094
"89","000701",2018,38,4255,8.93066980023502
"90","000701",2019,39,4255,9.16568742655699
"91","000702",2010,43,3205,13.4165366614665
"92","000702",2011,29,3205,9.04836193447738
"93","000702",2012,27,3205,8.42433697347894
"94","000702",2013,16,3205,4.99219968798752
"95","000702",2014,27,3205,8.42433697347894
"96","000702",2015,43,3205,13.4165366614665
"97","000702",2016,32,3205,9.98439937597504
"98","000702",2017,18,3205,5.61622464898596
"99","000702",2018,27,3205,8.42433697347894
"100","000702",2019,25,3205,7.8003120124805
"101","000801",2010,86,5691,15.1115796872254
"102","000801",2011,87,5691,15.2872957301002
"103","000801",2012,58,5691,10.1915304867334
"104","000801",2013,64,5691,11.2458267439817
"105","000801",2014,64,5691,11.2458267439817
"106","000801",2015,76,5691,13.3544192584783
"107","000801",2016,80,5691,14.0572834299772
"108","000801",2017,60,5691,10.5429625724829
"109","000801",2018,81,5691,14.2329994728519
"110","000801",2019,66,5691,11.5972588297312
"111","000802",2010,101,2438,41.4273995077933
"112","000802",2011,54,2438,22.149302707137
"113","000802",2012,46,2438,18.8679245283019
"114","000802",2013,46,2438,18.8679245283019
"115","000802",2014,35,2438,14.3560295324036
"116","000802",2015,27,2438,11.0746513535685
"117","000802",2016,48,2438,19.6882690730107
"118","000802",2017,37,2438,15.1763740771124
"119","000802",2018,45,2438,18.4577522559475
"120","000802",2019,31,2438,12.7153404429861
"121","000901",2010,83,6130,13.5399673735726
"122","000901",2011,77,6130,12.5611745513866
"123","000901",2012,45,6130,7.34094616639478
"124","000901",2013,89,6130,14.5187601957586
"125","000901",2014,51,6130,8.31973898858075
"126","000901",2015,50,6130,8.15660685154976
"127","000901",2016,64,6130,10.4404567699837
"128","000901",2017,67,6130,10.9298531810767
"129","000901",2018,107,6130,17.4551386623165
"130","000901",2019,69,6130,11.2561174551387
"131","000902",2010,43,1544,27.8497409326425
"132","000902",2011,32,1544,20.7253886010363
"133","000902",2012,21,1544,13.6010362694301
"134","000902",2013,34,1544,22.020725388601
"135","000902",2014,24,1544,15.5440414507772
"136","000902",2015,23,1544,14.8963730569948
"137","000902",2016,42,1544,27.2020725388601
"138","000902",2017,38,1544,24.6113989637306
"139","000902",2018,61,1544,39.5077720207254
"140","000902",2019,60,1544,38.860103626943
"141","001001",2010,322,5918,54.4102737411288
"142","001001",2011,333,5918,56.2690098006083
"143","001001",2012,290,5918,49.0030415680973
"144","001001",2013,399,5918,67.4214261574856
"145","001001",2014,352,5918,59.4795539033457
"146","001001",2015,345,5918,58.2967218654951
"147","001001",2016,290,5918,49.0030415680973
"148","001001",2017,282,5918,47.6512335248395
"149","001001",2018,352,5918,59.4795539033457
"150","001001",2019,320,5918,54.0723217303143
"151","001002",2010,74,3226,22.938623682579
"152","001002",2011,70,3226,21.6986980781153
"153","001002",2012,79,3226,24.4885306881587
"154","001002",2013,54,3226,16.7389956602604
"155","001002",2014,69,3226,21.3887166769994
"156","001002",2015,79,3226,24.4885306881587
"157","001002",2016,54,3226,16.7389956602604
"158","001002",2017,61,3226,18.9088654680719
"159","001002",2018,88,3226,27.2783632982021
"160","001002",2019,81,3226,25.1084934903906
"161","001100",2010,265,3980,66.5829145728643
"162","001100",2011,220,3980,55.2763819095477
"163","001100",2012,330,3980,82.9145728643216
"164","001100",2013,378,3980,94.9748743718593
"165","001100",2014,323,3980,81.1557788944723
"166","001100",2015,318,3980,79.8994974874372
"167","001100",2016,307,3980,77.1356783919598
"168","001100",2017,256,3980,64.321608040201
"169","001100",2018,288,3980,72.3618090452261
"170","001100",2019,340,3980,85.4271356783919
"171","001200",2010,136,4338,31.3508529276164
"172","001200",2011,154,4338,35.5002305209774
"173","001200",2012,127,4338,29.2761641309359
"174","001200",2013,127,4338,29.2761641309359
"175","001200",2014,147,4338,33.8865836791148
"176","001200",2015,161,4338,37.11387736284
"177","001200",2016,140,4338,32.2729368372522
"178","001200",2017,155,4338,35.7307514983864
"179","001200",2018,149,4338,34.3476256339327
"180","001200",2019,207,4338,47.7178423236514
"181","001301",2010,43,3477,12.3669830313489
"182","001301",2011,63,3477,18.1190681622088
"183","001301",2012,45,3477,12.9421915444349
"184","001301",2013,49,3477,14.0926085706068
"185","001301",2014,55,3477,15.8182341098648
"186","001301",2015,75,3477,21.5703192407248
"187","001301",2016,38,3477,10.9289617486339
"188","001301",2017,35,3477,10.0661489790049
"189","001301",2018,48,3477,13.8050043140638
"190","001301",2019,36,3477,10.3537532355479
"191","001302",2010,133,6589,20.1851570799818
"192","001302",2011,119,6589,18.0604037031416
"193","001302",2012,71,6589,10.7755349825467
"194","001302",2013,115,6589,17.4533313097587
"195","001302",2014,124,6589,18.8192441948702
"196","001302",2015,103,6589,15.63211412961
"197","001302",2016,77,6589,11.686143572621
"198","001302",2017,79,6589,11.9896797693125
"199","001302",2018,156,6589,23.6758233419335
"200","001302",2019,175,6589,26.5594172105024
"201","001401",2010,70,2419,28.9375775113683
"202","001401",2011,73,2419,30.1777594047127
"203","001401",2012,42,2419,17.362546506821
"204","001401",2013,86,2419,35.5518809425382
"205","001401",2014,63,2419,26.0438197602315
"206","001401",2015,43,2419,17.7759404712691
"207","001401",2016,54,2419,22.3232740801984
"208","001401",2017,48,2419,19.8429102935097
"209","001401",2018,69,2419,28.5241835469202
"210","001401",2019,46,2419,19.0161223646135
"211","001402",2010,56,2446,22.8945216680294
"212","001402",2011,62,2446,25.3475061324612
"213","001402",2012,68,2446,27.8004905968929
"214","001402",2013,91,2446,37.2035977105478
"215","001402",2014,47,2446,19.2150449713818
"216","001402",2015,62,2446,25.3475061324612
"217","001402",2016,72,2446,29.4358135731807
"218","001402",2017,55,2446,22.4856909239575
"219","001402",2018,50,2446,20.4415372035977
"220","001402",2019,40,2446,16.3532297628782
"221","001500",2010,74,4371,16.9297643559826
"222","001500",2011,67,4371,15.3283001601464
"223","001500",2012,58,4371,13.2692747654999
"224","001500",2013,79,4371,18.0736673530085
"225","001500",2014,126,4371,28.8263555250515
"226","001500",2015,64,4371,14.6419583619309
"227","001500",2016,93,4371,21.2765957446809
"228","001500",2017,81,4371,18.5312285518188
"229","001500",2018,106,4371,24.2507435369481
"230","001500",2019,92,4371,21.0478151452757
"231","001600",2010,174,3239,53.7202840382834
"232","001600",2011,171,3239,52.7940722445199
"233","001600",2012,195,3239,60.203766594628
"234","001600",2013,147,3239,45.3843778944119
"235","001600",2014,208,3239,64.2173510342698
"236","001600",2015,170,3239,52.4853349799321
"237","001600",2016,149,3239,46.0018524235875
"238","001600",2017,130,3239,40.1358443964186
"239","001600",2018,197,3239,60.8212411238036
"240","001600",2019,269,3239,83.0503241741278
"241","001702",2010,149,2273,65.5521337439507
"242","001702",2011,174,2273,76.5508139023317
"243","001702",2012,144,2273,63.3523977122745
"244","001702",2013,148,2273,65.1121865376155
"245","001702",2014,236,2273,103.827540695117
"246","001702",2015,210,2273,92.3889133304003
"247","001702",2016,177,2273,77.8706555213374
"248","001702",2017,181,2273,79.6304443466784
"249","001702",2018,272,2273,119.665640123185
"250","001702",2019,261,2273,114.826220853498
"251","001803",2010,77,2826,27.2469922151451
"252","001803",2011,64,2826,22.6468506723284
"253","001803",2012,83,2826,29.3701344656759
"254","001803",2013,89,2826,31.4932767162067
"255","001803",2014,126,2826,44.5859872611465
"256","001803",2015,70,2826,24.7699929228592
"257","001803",2016,76,2826,26.89313517339
"258","001803",2017,76,2826,26.89313517339
"259","001803",2018,59,2826,20.8775654635527
"260","001803",2019,34,2826,12.0311394196745
"261","001804",2010,170,3461,49.1187518058365
"262","001804",2011,168,3461,48.5408841375325
"263","001804",2012,194,3461,56.053163825484
"264","001804",2013,192,3461,55.47529615718
"265","001804",2014,356,3461,102.860444958105
"266","001804",2015,381,3461,110.083790811904
"267","001804",2016,285,3461,82.3461427333141
"268","001804",2017,275,3461,79.4568043917943
"269","001804",2018,284,3461,82.0572088991621
"270","001804",2019,262,3461,75.7006645478186
"271","001901",2010,158,3190,49.5297805642633
"272","001901",2011,172,3190,53.9184952978056
"273","001901",2012,168,3190,52.6645768025078
"274","001901",2013,175,3190,54.858934169279
"275","001901",2014,209,3190,65.5172413793103
"276","001901",2015,246,3190,77.115987460815
"277","001901",2016,214,3190,67.0846394984326
"278","001901",2017,186,3190,58.307210031348
"279","001901",2018,195,3190,61.128526645768
"280","001901",2019,142,3190,44.5141065830721
"281","001902",2010,147,1625,90.4615384615385
"282","001902",2011,142,1625,87.3846153846154
"283","001902",2012,131,1625,80.6153846153846
"284","001902",2013,181,1625,111.384615384615
"285","001902",2014,166,1625,102.153846153846
"286","001902",2015,161,1625,99.0769230769231
"287","001902",2016,126,1625,77.5384615384615
"288","001902",2017,69,1625,42.4615384615385
"289","001902",2018,94,1625,57.8461538461538
"290","001902",2019,71,1625,43.6923076923077
"291","002001",2010,81,1897,42.6989984185556
"292","002001",2011,86,1897,45.3347390616763
"293","002001",2012,73,1897,38.4818133895625
"294","002001",2013,72,1897,37.9546652609383
"295","002001",2014,83,1897,43.7532946758039
"296","002001",2015,60,1897,31.6288877174486
"297","002001",2016,58,1897,30.5745914602003
"298","002001",2017,37,1897,19.5044807590933
"299","002001",2018,58,1897,30.5745914602003
"300","002001",2019,55,1897,28.9931470743279
"301","002002",2010,166,2994,55.4442217768871
"302","002002",2011,181,2994,60.4542418169673
"303","002002",2012,206,2994,68.8042752171009
"304","002002",2013,202,2994,67.4682698730795
"305","002002",2014,273,2994,91.1823647294589
"306","002002",2015,237,2994,79.1583166332665
"307","002002",2016,201,2994,67.1342685370741
"308","002002",2017,170,2994,56.7802271209085
"309","002002",2018,185,2994,61.7902471609886
"310","002002",2019,192,2994,64.128256513026
"311","002101",2010,277,4155,66.6666666666667
"312","002101",2011,218,4155,52.4669073405536
"313","002101",2012,250,4155,60.1684717208183
"314","002101",2013,249,4155,59.927797833935
"315","002101",2014,252,4155,60.6498194945848
"316","002101",2015,249,4155,59.927797833935
"317","002101",2016,228,4155,54.8736462093863
"318","002101",2017,198,4155,47.6534296028881
"319","002101",2018,138,4155,33.2129963898917
"320","002101",2019,125,4155,30.0842358604091
"321","002102",2010,225,3652,61.6100766703176
"322","002102",2011,187,3652,51.2048192771084
"323","002102",2012,190,3652,52.026286966046
"324","002102",2013,213,3652,58.3242059145674
"325","002102",2014,225,3652,61.6100766703176
"326","002102",2015,229,3652,62.7053669222344
"327","002102",2016,149,3652,40.7995618838992
"328","002102",2017,129,3652,35.3231106243154
"329","002102",2018,154,3652,42.1686746987952
"330","002102",2019,124,3652,33.9539978094195
"331","002201",2010,123,2724,45.1541850220264
"332","002201",2011,106,2724,38.913362701909
"333","002201",2012,112,2724,41.1160058737151
"334","002201",2013,167,2724,61.3069016152717
"335","002201",2014,121,2724,44.4199706314244
"336","002201",2015,105,2724,38.5462555066079
"337","002201",2016,106,2724,38.913362701909
"338","002201",2017,88,2724,32.3054331864905
"339","002201",2018,90,2724,33.0396475770925
"340","002201",2019,91,2724,33.4067547723935
"341","002202",2010,121,2440,49.5901639344262
"342","002202",2011,78,2440,31.9672131147541
"343","002202",2012,115,2440,47.1311475409836
"344","002202",2013,116,2440,47.5409836065574
"345","002202",2014,114,2440,46.7213114754098
"346","002202",2015,112,2440,45.9016393442623
"347","002202",2016,87,2440,35.655737704918
"348","002202",2017,85,2440,34.8360655737705
"349","002202",2018,73,2440,29.9180327868852
"350","002202",2019,80,2440,32.7868852459016
"351","002301",2010,96,2398,40.0333611342786
"352","002301",2011,77,2398,32.1100917431193
"353","002301",2012,72,2398,30.0250208507089
"354","002301",2013,88,2398,36.697247706422
"355","002301",2014,88,2398,36.697247706422
"356","002301",2015,87,2398,36.2802335279399
"357","002301",2016,62,2398,25.8548790658882
"358","002301",2017,92,2398,38.3653044203503
"359","002301",2018,72,2398,30.0250208507089
"360","002301",2019,84,2398,35.0291909924937
"361","002302",2010,84,1915,43.8642297650131
"362","002302",2011,67,1915,34.9869451697128
"363","002302",2012,77,1915,40.2088772845953
"364","002302",2013,97,1915,50.6527415143603
"365","002302",2014,99,1915,51.6971279373368
"366","002302",2015,88,1915,45.9530026109661
"367","002302",2016,65,1915,33.9425587467363
"368","002302",2017,64,1915,33.420365535248
"369","002302",2018,75,1915,39.1644908616188
"370","002302",2019,50,1915,26.1096605744125
"371","002400",2010,204,2951,69.1291087766859
"372","002400",2011,153,2951,51.8468315825144
"373","002400",2012,204,2951,69.1291087766859
"374","002400",2013,246,2951,83.3615723483565
"375","002400",2014,211,2951,71.501186038631
"376","002400",2015,177,2951,59.9796679091833
"377","002400",2016,151,2951,51.1690952219587
"378","002400",2017,163,2951,55.2355133852931
"379","002400",2018,154,2951,52.1856997627923
"380","002400",2019,189,2951,64.0460860725178
"381","002501",2010,89,2092,42.5430210325048
"382","002501",2011,87,2092,41.5869980879541
"383","002501",2012,112,2092,53.5372848948375
"384","002501",2013,117,2092,55.9273422562142
"385","002501",2014,122,2092,58.3173996175908
"386","002501",2015,130,2092,62.1414913957935
"387","002501",2016,98,2092,46.8451242829828
"388","002501",2017,105,2092,50.1912045889101
"389","002501",2018,115,2092,54.9713193116635
"390","002501",2019,81,2092,38.7189292543021
"391","002502",2010,337,4826,69.8300870285951
"392","002502",2011,347,4826,71.9021964359718
"393","002502",2012,298,4826,61.7488603398259
"394","002502",2013,370,4826,76.6680480729383
"395","002502",2014,399,4826,82.6771653543307
"396","002502",2015,394,4826,81.6411106506423
"397","002502",2016,432,4826,89.5151263986738
"398","002502",2017,349,4826,72.3166183174472
"399","002502",2018,317,4826,65.6858682138417
"400","002502",2019,332,4826,68.7940323249068
"401","002600",2010,104,1816,57.2687224669604
"402","002600",2011,122,1816,67.1806167400881
"403","002600",2012,104,1816,57.2687224669604
"404","002600",2013,83,1816,45.704845814978
"405","002600",2014,119,1816,65.5286343612335
"406","002600",2015,83,1816,45.704845814978
"407","002600",2016,78,1816,42.9515418502203
"408","002600",2017,84,1816,46.2555066079295
"409","002600",2018,65,1816,35.7929515418502
"410","002600",2019,76,1816,41.8502202643172
"411","002701",2010,115,4623,24.8756218905473
"412","002701",2011,151,4623,32.6627730910664
"413","002701",2012,95,4623,20.5494267791477
"414","002701",2013,175,4623,37.8542072247458
"415","002701",2014,148,4623,32.0138438243565
"416","002701",2015,131,4623,28.3365779796669
"417","002701",2016,106,4623,22.9288340904175
"418","002701",2017,107,4623,23.1451438459875
"419","002701",2018,80,4623,17.3047804455981
"420","002701",2019,96,4623,20.7657365347177
"421","002702",2010,181,4578,39.5369156837047
"422","002702",2011,205,4578,44.779379641765
"423","002702",2012,149,4578,32.5469637396243
"424","002702",2013,153,4578,33.4207077326343
"425","002702",2014,231,4578,50.4587155963303
"426","002702",2015,183,4578,39.9737876802097
"427","002702",2016,150,4578,32.7653997378768
"428","002702",2017,161,4578,35.1681957186544
"429","002702",2018,143,4578,31.2363477501092
"430","002702",2019,158,4578,34.5128877238969
"431","002801",2010,131,3145,41.6534181240064
"432","002801",2011,138,3145,43.879173290938
"433","002801",2012,121,3145,38.4737678855326
"434","002801",2013,145,3145,46.1049284578696
"435","002801",2014,139,3145,44.1971383147854
"436","002801",2015,150,3145,47.6947535771065
"437","002801",2016,108,3145,34.3402225755167
"438","002801",2017,108,3145,34.3402225755167
"439","002801",2018,107,3145,34.0222575516693
"440","002801",2019,105,3145,33.3863275039746
"441","002802",2010,319,3568,89.4058295964125
"442","002802",2011,272,3568,76.2331838565022
"443","002802",2012,311,3568,87.1636771300448
"444","002802",2013,373,3568,104.540358744395
"445","002802",2014,371,3568,103.979820627803
"446","002802",2015,394,3568,110.42600896861
"447","002802",2016,325,3568,91.0874439461883
"448","002802",2017,310,3568,86.8834080717489
"449","002802",2018,298,3568,83.5201793721973
"450","002802",2019,339,3568,95.0112107623318
"451","002900",2010,247,3364,73.4244946492271
"452","002900",2011,269,3364,79.9643281807372
"453","002900",2012,282,3364,83.8287752675386
"454","002900",2013,371,3364,110.285374554102
"455","002900",2014,327,3364,97.205707491082
"456","002900",2015,325,3364,96.6111771700357
"457","002900",2016,316,3364,93.935790725327
"458","002900",2017,250,3364,74.3162901307967
"459","002900",2018,225,3364,66.884661117717
"460","002900",2019,240,3364,71.3436385255648
"461","003000",2010,466,2854,163.279607568325
"462","003000",2011,523,2854,183.251576734408
"463","003000",2012,593,2854,207.778556412053
"464","003000",2013,559,2854,195.865451997197
"465","003000",2014,573,2854,200.770847932726
"466","003000",2015,608,2854,213.034337771549
"467","003000",2016,505,2854,176.944639103013
"468","003000",2017,451,2854,158.02382620883
"469","003000",2018,422,2854,147.862648913805
"470","003000",2019,390,2854,136.650315346882
"471","003100",2010,232,2439,95.1209512095121
"472","003100",2011,264,2439,108.241082410824
"473","003100",2012,296,2439,121.361213612136
"474","003100",2013,349,2439,143.091430914309
"475","003100",2014,325,2439,133.251332513325
"476","003100",2015,395,2439,161.951619516195
"477","003100",2016,405,2439,166.051660516605
"478","003100",2017,367,2439,150.471504715047
"479","003100",2018,330,2439,135.30135301353
"480","003100",2019,302,2439,123.821238212382
"481","003200",2010,296,3957,74.804144553955
"482","003200",2011,253,3957,63.9373262572656
"483","003200",2012,330,3957,83.3965125094769
"484","003200",2013,344,3957,86.9345463735153
"485","003200",2014,294,3957,74.2987111448067
"486","003200",2015,289,3957,73.0351276219358
"487","003200",2016,239,3957,60.3992923932272
"488","003200",2017,273,3957,68.9916603487491
"489","003200",2018,218,3957,55.0922415971696
"490","003200",2019,185,3957,46.7525903462219
"491","003301",2010,140,2828,49.5049504950495
"492","003301",2011,148,2828,52.3338048090523
"493","003301",2012,168,2828,59.4059405940594
"494","003301",2013,125,2828,44.2008486562942
"495","003301",2014,150,2828,53.041018387553
"496","003301",2015,144,2828,50.9193776520509
"497","003301",2016,145,2828,51.2729844413013
"498","003301",2017,120,2828,42.4328147100424
"499","003301",2018,109,2828,38.5431400282885
"500","003301",2019,148,2828,52.3338048090523
"501","003302",2010,77,1856,41.4870689655172
"502","003302",2011,80,1856,43.1034482758621
"503","003302",2012,133,1856,71.6594827586207
"504","003302",2013,89,1856,47.9525862068966
"505","003302",2014,102,1856,54.9568965517241
"506","003302",2015,118,1856,63.5775862068965
"507","003302",2016,137,1856,73.8146551724138
"508","003302",2017,106,1856,57.1120689655172
"509","003302",2018,157,1856,84.5905172413793
"510","003302",2019,141,1856,75.9698275862069
"511","003400",2010,218,3997,54.5409056792594
"512","003400",2011,243,3997,60.7955966975231
"513","003400",2012,332,3997,83.0622967225419
"514","003400",2013,263,3997,65.7993495121341
"515","003400",2014,291,3997,72.8046034525894
"516","003400",2015,237,3997,59.2944708531398
"517","003400",2016,341,3997,85.3139854891168
"518","003400",2017,207,3997,51.7888416312234
"519","003400",2018,244,3997,61.0457843382537
"520","003400",2019,253,3997,63.2974731048286
"521","003500",2010,210,3398,61.8010594467334
"522","003500",2011,221,3398,65.0382577987051
"523","003500",2012,272,3398,80.0470865214832
"524","003500",2013,333,3398,97.9988228369629
"525","003500",2014,354,3398,104.178928781636
"526","003500",2015,312,3398,91.8187168922896
"527","003500",2016,511,3398,150.382577987051
"528","003500",2017,445,3398,130.959387875221
"529","003500",2018,437,3398,128.605061801059
"530","003500",2019,432,3398,127.133608004709
"531","003600",2010,245,3680,66.5760869565217
"532","003600",2011,250,3680,67.9347826086956
"533","003600",2012,207,3680,56.25
"534","003600",2013,240,3680,65.2173913043478
"535","003600",2014,263,3680,71.4673913043478
"536","003600",2015,262,3680,71.195652173913
"537","003600",2016,274,3680,74.4565217391304
"538","003600",2017,181,3680,49.1847826086957
"539","003600",2018,179,3680,48.6413043478261
"540","003600",2019,178,3680,48.3695652173913
"541","003700",2010,184,4798,38.3493122134223
"542","003700",2011,287,4798,59.8165902459358
"543","003700",2012,226,4798,47.102959566486
"544","003700",2013,285,4798,59.3997498957899
"545","003700",2014,305,4798,63.5681533972488
"546","003700",2015,247,4798,51.4797832430179
"547","003700",2016,232,4798,48.3534806169237
"548","003700",2017,169,4798,35.2230095873281
"549","003700",2018,191,4798,39.8082534389329
"550","003700",2019,206,4798,42.9345560650271
"551","003800",2010,263,4177,62.9638496528609
"552","003800",2011,349,4177,83.552789083074
"553","003800",2012,290,4177,69.427819008858
"554","003800",2013,326,4177,78.0464448168542
"555","003800",2014,316,4177,75.6523820924108
"556","003800",2015,270,4177,64.6396935599713
"557","003800",2016,277,4177,66.3155374670816
"558","003800",2017,189,4177,45.2477854919799
"559","003800",2018,219,4177,52.42997366531
"560","003800",2019,245,4177,58.6545367488628
"561","003900",2010,165,4225,39.0532544378698
"562","003900",2011,195,4225,46.1538461538462
"563","003900",2012,173,4225,40.9467455621302
"564","003900",2013,198,4225,46.8639053254438
"565","003900",2014,181,4225,42.8402366863905
"566","003900",2015,150,4225,35.5029585798817
"567","003900",2016,152,4225,35.9763313609467
"568","003900",2017,133,4225,31.4792899408284
"569","003900",2018,127,4225,30.0591715976331
"570","003900",2019,127,4225,30.0591715976331
"571","004001",2010,140,3486,40.1606425702811
"572","004001",2011,166,3486,47.6190476190476
"573","004001",2012,147,3486,42.1686746987952
"574","004001",2013,131,3486,37.5788869764773
"575","004001",2014,160,3486,45.8978772231784
"576","004001",2015,167,3486,47.9059093516925
"577","004001",2016,162,3486,46.4716006884682
"578","004001",2017,116,3486,33.2759609868044
"579","004001",2018,112,3486,32.1285140562249
"580","004001",2019,120,3486,34.4234079173838
"581","004002",2010,207,2654,77.9954785229842
"582","004002",2011,213,2654,80.2562170308968
"583","004002",2012,227,2654,85.5312735493595
"584","004002",2013,228,2654,85.9080633006782
"585","004002",2014,215,2654,81.0097965335343
"586","004002",2015,188,2654,70.8364732479277
"587","004002",2016,206,2654,77.6186887716654
"588","004002",2017,166,2654,62.5470987189148
"589","004002",2018,124,2654,46.7219291635268
"590","004002",2019,130,2654,48.9826676714393
"591","004100",2010,99,2482,39.8871877518131
"592","004100",2011,114,2482,45.9307010475423
"593","004100",2012,137,2482,55.1974214343272
"594","004100",2013,74,2482,29.8146655922643
"595","004100",2014,100,2482,40.290088638195
"596","004100",2015,124,2482,49.9597099113618
"597","004100",2016,115,2482,46.3336019339242
"598","004100",2017,103,2482,41.4987912973409
"599","004100",2018,77,2482,31.0233682514102
"600","004100",2019,92,2482,37.0668815471394
"601","004201",2010,95,3222,29.4847920546245
"602","004201",2011,172,3222,53.382991930478
"603","004201",2012,165,3222,51.2104283054004
"604","004201",2013,159,3222,49.3482309124767
"605","004201",2014,145,3222,45.0031036623215
"606","004201",2015,134,3222,41.5890751086282
"607","004201",2016,152,3222,47.1756672873991
"608","004201",2017,121,3222,37.5543140906269
"609","004201",2018,93,3222,28.8640595903166
"610","004201",2019,97,3222,30.1055245189323
"611","004202",2010,186,2691,69.1192865105909
"612","004202",2011,197,2691,73.2069862504645
"613","004202",2012,202,2691,75.0650315867707
"614","004202",2013,177,2691,65.7748049052397
"615","004202",2014,172,2691,63.9167595689335
"616","004202",2015,181,2691,67.2612411742846
"617","004202",2016,257,2691,95.503530286139
"618","004202",2017,178,2691,66.1464139725009
"619","004202",2018,143,2691,53.1400966183575
"620","004202",2019,148,2691,54.9981419546637
"621","004300",2010,208,2963,70.1991225109686
"622","004300",2011,237,2963,79.9865001687479
"623","004300",2012,240,2963,80.9989875126561
"624","004300",2013,234,2963,78.9740128248397
"625","004300",2014,272,2963,91.7988525143436
"626","004300",2015,270,2963,91.1238609517381
"627","004300",2016,242,2963,81.6739790752616
"628","004300",2017,209,2963,70.5366182922713
"629","004300",2018,255,2963,86.0614242321971
"630","004300",2019,233,2963,78.636517043537
"631","004400",2010,628,4263,147.314098053014
"632","004400",2011,752,4263,176.401595120807
"633","004400",2012,844,4263,197.982641332395
"634","004400",2013,808,4263,189.537884119165
"635","004400",2014,824,4263,193.291109547267
"636","004400",2015,844,4263,197.982641332395
"637","004400",2016,1085,4263,254.515599343186
"638","004400",2017,917,4263,215.106732348112
"639","004400",2018,1106,4263,259.44170771757
"640","004400",2019,1200,4263,281.491907107671
"641","004600",2010,214,2537,84.3515963736697
"642","004600",2011,233,2537,91.8407567993693
"643","004600",2012,293,2537,115.490737091052
"644","004600",2013,218,2537,85.9282617264486
"645","004600",2014,256,2537,100.906582577848
"646","004600",2015,264,2537,104.059913283406
"647","004600",2016,306,2537,120.614899487584
"648","004600",2017,212,2537,83.5632636972802
"649","004600",2018,242,2537,95.3882538431218
"650","004600",2019,218,2537,85.9282617264486
"651","004701",2010,141,3066,45.9882583170254
"652","004701",2011,181,3066,59.0345727332029
"653","004701",2012,159,3066,51.8590998043053
"654","004701",2013,165,3066,53.8160469667319
"655","004701",2014,167,3066,54.4683626875408
"656","004701",2015,206,3066,67.1885192433138
"657","004701",2016,279,3066,90.9980430528376
"658","004701",2017,190,3066,61.9699934768428
"659","004701",2018,195,3066,63.600782778865
"660","004701",2019,162,3066,52.8375733855186
"661","004702",2010,118,1647,71.645415907711
"662","004702",2011,132,1647,80.1457194899818
"663","004702",2012,120,1647,72.8597449908925
"664","004702",2013,124,1647,75.2884031572556
"665","004702",2014,272,1647,165.14875531269
"666","004702",2015,262,1647,159.077109896782
"667","004702",2016,398,1647,241.651487553127
"668","004702",2017,341,1647,207.043108682453
"669","004702",2018,367,1647,222.829386763813
"670","004702",2019,226,1647,137.219186399514
"671","004801",2010,208,1934,107.549120992761
"672","004801",2011,233,1934,120.47569803516
"673","004801",2012,274,1934,141.675284384695
"674","004801",2013,260,1934,134.436401240951
"675","004801",2014,286,1934,147.880041365047
"676","004801",2015,321,1934,165.977249224405
"677","004801",2016,330,1934,170.630816959669
"678","004801",2017,249,1934,128.748707342296
"679","004801",2018,336,1934,173.733195449845
"680","004801",2019,283,1934,146.328852119959
"681","004802",2010,142,2492,56.9823434991974
"682","004802",2011,178,2492,71.4285714285714
"683","004802",2012,216,2492,86.677367576244
"684","004802",2013,226,2492,90.6902086677368
"685","004802",2014,284,2492,113.964686998395
"686","004802",2015,159,2492,63.8041733547351
"687","004802",2016,185,2492,74.2375601926164
"688","004802",2017,116,2492,46.5489566613162
"689","004802",2018,122,2492,48.9566613162119
"690","004802",2019,169,2492,67.8170144462279
"691","004901",2010,125,1696,73.7028301886792
"692","004901",2011,154,1696,90.8018867924528
"693","004901",2012,161,1696,94.9292452830189
"694","004901",2013,172,1696,101.415094339623
"695","004901",2014,200,1696,117.924528301887
"696","004901",2015,214,1696,126.179245283019
"697","004901",2016,229,1696,135.02358490566
"698","004901",2017,178,1696,104.952830188679
"699","004901",2018,217,1696,127.948113207547
"700","004901",2019,191,1696,112.617924528302
"701","004902",2010,147,2354,62.446898895497
"702","004902",2011,184,2354,78.1648258283772
"703","004902",2012,190,2354,80.71367884452
"704","004902",2013,189,2354,80.2888700084962
"705","004902",2014,229,2354,97.2812234494477
"706","004902",2015,241,2354,102.378929481733
"707","004902",2016,401,2354,170.34834324554
"708","004902",2017,213,2354,90.4842820730671
"709","004902",2018,242,2354,102.803738317757
"710","004902",2019,311,2354,132.115548003398
"711","005001",2010,164,1802,91.0099889012209
"712","005001",2011,151,1802,83.795782463929
"713","005001",2012,215,1802,119.311875693674
"714","005001",2013,167,1802,92.6748057713652
"715","005001",2014,168,1802,93.2297447280799
"716","005001",2015,192,1802,106.548279689234
"717","005001",2016,231,1802,128.19089900111
"718","005001",2017,180,1802,99.889012208657
"719","005001",2018,193,1802,107.103218645949
"720","005001",2019,199,1802,110.432852386238
"721","005002",2010,181,5480,33.029197080292
"722","005002",2011,200,5480,36.4963503649635
"723","005002",2012,221,5480,40.3284671532847
"724","005002",2013,192,5480,35.036496350365
"725","005002",2014,199,5480,36.3138686131387
"726","005002",2015,174,5480,31.7518248175182
"727","005002",2016,205,5480,37.4087591240876
"728","005002",2017,178,5480,32.4817518248175
"729","005002",2018,158,5480,28.8321167883212
"730","005002",2019,181,5480,33.029197080292
"731","005201",2010,343,5811,59.0259852004818
"732","005201",2011,384,5811,66.0815694372741
"733","005201",2012,397,5811,68.3187059025985
"734","005201",2013,364,5811,62.6398210290828
"735","005201",2014,411,5811,70.7279297883325
"736","005201",2015,408,5811,70.2116675271038
"737","005201",2016,465,5811,80.0206504904492
"738","005201",2017,402,5811,69.1791430046464
"739","005201",2018,389,5811,66.942006539322
"740","005201",2019,467,5811,80.3648253312683
"741","005301",2010,200,4920,40.650406504065
"742","005301",2011,323,4920,65.650406504065
"743","005301",2012,275,4920,55.8943089430894
"744","005301",2013,233,4920,47.3577235772358
"745","005301",2014,250,4920,50.8130081300813
"746","005301",2015,264,4920,53.6585365853659
"747","005301",2016,275,4920,55.8943089430894
"748","005301",2017,212,4920,43.0894308943089
"749","005301",2018,218,4920,44.3089430894309
"750","005301",2019,209,4920,42.479674796748
"751","005500",2010,463,6476,71.4947498455837
"752","005500",2011,523,6476,80.7597282273008
"753","005500",2012,510,6476,78.7523162445954
"754","005500",2013,455,6476,70.2594193946881
"755","005500",2014,476,6476,73.5021618282891
"756","005500",2015,544,6476,84.0024706609018
"757","005500",2016,619,6476,95.5836936380482
"758","005500",2017,461,6476,71.1859172328598
"759","005500",2018,484,6476,74.7374922791847
"760","005500",2019,511,6476,78.9067325509574
"761","005600",2010,106,6629,15.9903454518027
"762","005600",2011,131,6629,19.7616533413788
"763","005600",2012,93,6629,14.0292653492231
"764","005600",2013,96,6629,14.4818222959722
"765","005600",2014,133,6629,20.0633579725449
"766","005600",2015,123,6629,18.5548348167144
"767","005600",2016,114,6629,17.197163976467
"768","005600",2017,126,6629,19.0073917634636
"769","005600",2018,116,6629,17.4988686076331
"770","005600",2019,140,6629,21.1193241816262
"771","005800",2010,898,2710,331.365313653137
"772","005800",2011,952,2710,351.291512915129
"773","005800",2012,1155,2710,426.19926199262
"774","005800",2013,1045,2710,385.608856088561
"775","005800",2014,1210,2710,446.494464944649
"776","005800",2015,1107,2710,408.487084870849
"777","005800",2016,1343,2710,495.571955719557
"778","005800",2017,1046,2710,385.977859778598
"779","005800",2018,1122,2710,414.022140221402
"780","005800",2019,1329,2710,490.405904059041
"781","005900",2010,123,2885,42.6343154246101
"782","005900",2011,201,2885,69.6707105719237
"783","005900",2012,260,2885,90.1213171577123
"784","005900",2013,252,2885,87.3483535528596
"785","005900",2014,255,2885,88.3882149046794
"786","005900",2015,218,2885,75.5632582322357
"787","005900",2016,261,2885,90.4679376083189
"788","005900",2017,197,2885,68.2842287694974
"789","005900",2018,149,2885,51.6464471403813
"790","005900",2019,143,2885,49.5667244367418
"791","006202",2010,140,29,4827.58620689655
"792","006202",2011,106,29,3655.1724137931
"793","006202",2012,129,29,4448.27586206897
"794","006202",2013,130,29,4482.75862068965
"795","006202",2014,175,29,6034.48275862069
"796","006202",2015,126,29,4344.8275862069
"797","006202",2016,121,29,4172.41379310345
"798","006202",2017,108,29,3724.13793103448
"799","006202",2018,102,29,3517.24137931034
"800","006202",2019,110,29,3793.10344827586
"801","006400",2010,128,1565,81.7891373801917
"802","006400",2011,108,1565,69.0095846645367
"803","006400",2012,149,1565,95.2076677316294
"804","006400",2013,154,1565,98.4025559105431
"805","006400",2014,119,1565,76.038338658147
"806","006400",2015,129,1565,82.4281150159744
"807","006400",2016,160,1565,102.23642172524
"808","006400",2017,152,1565,97.1246006389776
"809","006400",2018,103,1565,65.814696485623
"810","006400",2019,94,1565,60.0638977635783
"811","006500",2010,76,2296,33.1010452961672
"812","006500",2011,96,2296,41.8118466898955
"813","006500",2012,154,2296,67.0731707317073
"814","006500",2013,112,2296,48.780487804878
"815","006500",2014,122,2296,53.1358885017422
"816","006500",2015,106,2296,46.1672473867596
"817","006500",2016,113,2296,49.2160278745645
"818","006500",2017,93,2296,40.5052264808362
"819","006500",2018,83,2296,36.1498257839721
"820","006500",2019,85,2296,37.0209059233449
"821","006600",2010,117,1680,69.6428571428571
"822","006600",2011,145,1680,86.3095238095238
"823","006600",2012,172,1680,102.380952380952
"824","006600",2013,185,1680,110.119047619048
"825","006600",2014,175,1680,104.166666666667
"826","006600",2015,181,1680,107.738095238095
"827","006600",2016,238,1680,141.666666666667
"828","006600",2017,203,1680,120.833333333333
"829","006600",2018,202,1680,120.238095238095
"830","006600",2019,209,1680,124.404761904762
"831","006700",2010,155,3283,47.212915016753
"832","006700",2011,182,3283,55.4371002132196
"833","006700",2012,152,3283,46.29911666159
"834","006700",2013,187,3283,56.9600974718246
"835","006700",2014,187,3283,56.9600974718246
"836","006700",2015,161,3283,49.0405117270789
"837","006700",2016,145,3283,44.1669204995431
"838","006700",2017,94,3283,28.6323484617728
"839","006700",2018,94,3283,28.6323484617728
"840","006700",2019,113,3283,34.4197380444715
"841","006801",2010,76,1687,45.050385299348
"842","006801",2011,72,1687,42.679312388856
"843","006801",2012,77,1687,45.6431535269709
"844","006801",2013,69,1687,40.901007705987
"845","006801",2014,79,1687,46.828689982217
"846","006801",2015,94,1687,55.7202133965619
"847","006801",2016,104,1687,61.6478956727919
"848","006801",2017,99,1687,58.6840545346769
"849","006801",2018,99,1687,58.6840545346769
"850","006801",2019,90,1687,53.3491404860699
"851","006802",2010,69,1754,39.3386545039909
"852","006802",2011,89,1754,50.7411630558723
"853","006802",2012,101,1754,57.5826681870011
"854","006802",2013,98,1754,55.8722919042189
"855","006802",2014,102,1754,58.1527936145952
"856","006802",2015,91,1754,51.8814139110604
"857","006802",2016,85,1754,48.460661345496
"858","006802",2017,57,1754,32.497149372862
"859","006802",2018,78,1754,44.4697833523375
"860","006802",2019,73,1754,41.6191562143672
"861","006804",2010,44,3396,12.9564193168433
"862","006804",2011,54,3396,15.9010600706714
"863","006804",2012,42,3396,12.3674911660777
"864","006804",2013,42,3396,12.3674911660777
"865","006804",2014,51,3396,15.017667844523
"866","006804",2015,33,3396,9.71731448763251
"867","006804",2016,34,3396,10.0117785630153
"868","006804",2017,51,3396,15.017667844523
"869","006804",2018,41,3396,12.0730270906949
"870","006804",2019,46,3396,13.545347467609
"871","006900",2010,151,1888,79.978813559322
"872","006900",2011,154,1888,81.5677966101695
"873","006900",2012,190,1888,100.635593220339
"874","006900",2013,218,1888,115.466101694915
"875","006900",2014,216,1888,114.406779661017
"876","006900",2015,267,1888,141.419491525424
"877","006900",2016,261,1888,138.241525423729
"878","006900",2017,253,1888,134.004237288136
"879","006900",2018,235,1888,124.470338983051
"880","006900",2019,194,1888,102.754237288136
"881","007000",2010,189,2596,72.8043143297381
"882","007000",2011,164,2596,63.1741140215717
"883","007000",2012,258,2596,99.3836671802773
"884","007000",2013,307,2596,118.258859784284
"885","007000",2014,364,2596,140.215716486903
"886","007000",2015,380,2596,146.379044684129
"887","007000",2016,322,2596,124.036979969183
"888","007000",2017,277,2596,106.702619414484
"889","007000",2018,229,2596,88.2126348228043
"890","007000",2019,230,2596,88.597842835131
"891","007100",2010,280,2289,122.324159021407
"892","007100",2011,221,2289,96.5487112276103
"893","007100",2012,247,2289,107.907383136741
"894","007100",2013,293,2289,128.003494975972
"895","007100",2014,266,2289,116.207951070336
"896","007100",2015,302,2289,131.935342944517
"897","007100",2016,234,2289,102.228047182176
"898","007100",2017,187,2289,81.6950633464395
"899","007100",2018,237,2289,103.538663171691
"900","007100",2019,272,2289,118.829183049367
"901","007200",2010,138,2658,51.9187358916479
"902","007200",2011,152,2658,57.1858540255831
"903","007200",2012,207,2658,77.8781038374718
"904","007200",2013,257,2658,96.6892400300978
"905","007200",2014,262,2658,98.5703536493604
"906","007200",2015,318,2658,119.638826185102
"907","007200",2016,400,2658,150.489089541008
"908","007200",2017,371,2658,139.578630549285
"909","007200",2018,373,2658,140.33107599699
"910","007200",2019,399,2658,150.112866817156
"911","007301",2010,3,2064,1.45348837209302
"912","007301",2011,4,2064,1.93798449612403
"913","007301",2012,4,2064,1.93798449612403
"914","007301",2013,6,2064,2.90697674418605
"915","007301",2014,3,2064,1.45348837209302
"916","007301",2015,5,2064,2.42248062015504
"917","007301",2016,2,2064,0.968992248062015
"918","007301",2017,2,2064,0.968992248062015
"919","007301",2018,2,2064,0.968992248062015
"920","007301",2019,2,2064,0.968992248062015
"921","007304",2010,259,2429,106.628242074928
"922","007304",2011,250,2429,102.923013585838
"923","007304",2012,241,2429,99.2177850967476
"924","007304",2013,248,2429,102.099629477151
"925","007304",2014,226,2429,93.0424042815974
"926","007304",2015,243,2429,100.041169205434
"927","007304",2016,224,2429,92.2190201729107
"928","007304",2017,244,2429,100.452861259778
"929","007304",2018,196,2429,80.6916426512968
"930","007304",2019,171,2429,70.399341292713
"931","007401",2010,238,1468,162.125340599455
"932","007401",2011,304,1468,207.08446866485
"933","007401",2012,306,1468,208.446866485014
"934","007401",2013,205,1468,139.645776566757
"935","007401",2014,175,1468,119.209809264305
"936","007401",2015,241,1468,164.1689373297
"937","007401",2016,208,1468,141.689373297003
"938","007401",2017,144,1468,98.0926430517711
"939","007401",2018,177,1468,120.572207084469
"940","007401",2019,117,1468,79.700272479564
"941","007403",2010,174,1956,88.9570552147239
"942","007403",2011,138,1956,70.5521472392638
"943","007403",2012,135,1956,69.0184049079755
"944","007403",2013,173,1956,88.4458077709611
"945","007403",2014,144,1956,73.6196319018405
"946","007403",2015,149,1956,76.1758691206544
"947","007403",2016,142,1956,72.5971370143149
"948","007403",2017,109,1956,55.7259713701431
"949","007403",2018,94,1956,48.0572597137014
"950","007403",2019,99,1956,50.6134969325153
"951","007404",2010,231,2100,110
"952","007404",2011,187,2100,89.047619047619
"953","007404",2012,195,2100,92.8571428571429
"954","007404",2013,213,2100,101.428571428571
"955","007404",2014,219,2100,104.285714285714
"956","007404",2015,197,2100,93.8095238095238
"957","007404",2016,195,2100,92.8571428571429
"958","007404",2017,159,2100,75.7142857142857
"959","007404",2018,159,2100,75.7142857142857
"960","007404",2019,117,2100,55.7142857142857
"961","007406",2010,134,1830,73.224043715847
"962","007406",2011,126,1830,68.8524590163935
"963","007406",2012,149,1830,81.4207650273224
"964","007406",2013,157,1830,85.792349726776
"965","007406",2014,124,1830,67.7595628415301
"966","007406",2015,154,1830,84.1530054644809
"967","007406",2016,144,1830,78.6885245901639
"968","007406",2017,153,1830,83.6065573770492
"969","007406",2018,88,1830,48.0874316939891
"970","007406",2019,58,1830,31.6939890710382
"971","007407",2010,141,1850,76.2162162162162
"972","007407",2011,161,1850,87.027027027027
"973","007407",2012,184,1850,99.4594594594595
"974","007407",2013,185,1850,100
"975","007407",2014,149,1850,80.5405405405405
"976","007407",2015,156,1850,84.3243243243243
"977","007407",2016,127,1850,68.6486486486487
"978","007407",2017,114,1850,61.6216216216216
"979","007407",2018,109,1850,58.9189189189189
"980","007407",2019,100,1850,54.0540540540541
"981","007408",2010,104,2027,51.3073507646769
"982","007408",2011,127,2027,62.6541687222496
"983","007408",2012,144,2027,71.0409472126295
"984","007408",2013,139,2027,68.5742476566354
"985","007408",2014,134,2027,66.1075481006413
"986","007408",2015,95,2027,46.8672915638875
"987","007408",2016,100,2027,49.3339911198816
"988","007408",2017,75,2027,37.0004933399112
"989","007408",2018,70,2027,34.5337937839171
"990","007408",2019,74,2027,36.5071534287124
"991","007409",2010,248,2291,108.249672632038
"992","007409",2011,189,2291,82.4967263203841
"993","007409",2012,209,2291,91.2265386294195
"994","007409",2013,179,2291,78.1318201658664
"995","007409",2014,162,2291,70.7114797031864
"996","007409",2015,207,2291,90.3535573985159
"997","007409",2016,193,2291,84.2426887821912
"998","007409",2017,135,2291,58.9262330859886
"999","007409",2018,122,2291,53.2518550851157
"1000","007409",2019,92,2291,40.1571366215626
"1001","007502",2010,237,3251,72.9006459550907
"1002","007502",2011,217,3251,66.7486927099354
"1003","007502",2012,266,3251,81.820978160566
"1004","007502",2013,256,3251,78.7450015379883
"1005","007502",2014,228,3251,70.1322669947708
"1006","007502",2015,219,3251,67.3638880344509
"1007","007502",2016,142,3251,43.6788680406029
"1008","007502",2017,152,3251,46.7548446631806
"1009","007502",2018,127,3251,39.0649031067364
"1010","007502",2019,133,3251,40.910489080283
"1011","007503",2010,178,1641,108.470444850701
"1012","007503",2011,211,1641,128.580134064595
"1013","007503",2012,219,1641,133.45521023766
"1014","007503",2013,191,1641,116.392443631932
"1015","007503",2014,256,1641,156.002437538087
"1016","007503",2015,249,1641,151.736745886654
"1017","007503",2016,261,1641,159.049360146252
"1018","007503",2017,226,1641,137.720901889092
"1019","007503",2018,232,1641,141.377209018891
"1020","007503",2019,170,1641,103.595368677636
"1021","007504",2010,212,1652,128.329297820823
"1022","007504",2011,201,1652,121.670702179177
"1023","007504",2012,190,1652,115.01210653753
"1024","007504",2013,245,1652,148.305084745763
"1025","007504",2014,226,1652,136.80387409201
"1026","007504",2015,177,1652,107.142857142857
"1027","007504",2016,200,1652,121.065375302663
"1028","007504",2017,157,1652,95.0363196125908
"1029","007504",2018,188,1652,113.801452784504
"1030","007504",2019,153,1652,92.6150121065375
"1031","007601",2010,219,3411,64.2040457343887
"1032","007601",2011,275,3411,80.6215186162416
"1033","007601",2012,325,3411,95.2799765464673
"1034","007601",2013,372,3411,109.05892700088
"1035","007601",2014,373,3411,109.352096159484
"1036","007601",2015,329,3411,96.4526531808854
"1037","007601",2016,322,3411,94.4004690706538
"1038","007601",2017,334,3411,97.9184989739079
"1039","007601",2018,333,3411,97.6253298153034
"1040","007601",2019,353,3411,103.488712987394
"1041","007603",2010,232,3331,69.6487541278895
"1042","007603",2011,245,3331,73.5514860402282
"1043","007603",2012,335,3331,100.570399279496
"1044","007603",2013,311,3331,93.3653557490243
"1045","007603",2014,284,3331,85.2596817772441
"1046","007603",2015,296,3331,88.8622035424797
"1047","007603",2016,338,3331,101.471029720805
"1048","007603",2017,338,3331,101.471029720805
"1049","007603",2018,361,3331,108.375863104173
"1050","007603",2019,399,3331,119.783848694086
"1051","007604",2010,130,2982,43.5949027498323
"1052","007604",2011,133,2982,44.6009389671362
"1053","007604",2012,211,2982,70.7578806170355
"1054","007604",2013,141,2982,47.2837022132797
"1055","007604",2014,186,2982,62.374245472837
"1056","007604",2015,139,2982,46.6130114017438
"1057","007604",2016,130,2982,43.5949027498323
"1058","007604",2017,149,2982,49.9664654594232
"1059","007604",2018,134,2982,44.9362843729041
"1060","007604",2019,92,2982,30.8517773306506
"1061","007605",2010,108,2763,39.0879478827362
"1062","007605",2011,104,2763,37.6402461093015
"1063","007605",2012,146,2763,52.8411147303655
"1064","007605",2013,169,2763,61.1653999276149
"1065","007605",2014,162,2763,58.6319218241042
"1066","007605",2015,155,2763,56.0984437205936
"1067","007605",2016,126,2763,45.6026058631922
"1068","007605",2017,119,2763,43.0691277596815
"1069","007605",2018,122,2763,44.1549040897575
"1070","007605",2019,106,2763,38.3640969960188
"1071","007703",2010,269,3665,73.3969986357435
"1072","007703",2011,261,3665,71.2141882673943
"1073","007703",2012,259,3665,70.668485675307
"1074","007703",2013,266,3665,72.5784447476126
"1075","007703",2014,264,3665,72.0327421555252
"1076","007703",2015,283,3665,77.2169167803547
"1077","007703",2016,241,3665,65.7571623465211
"1078","007703",2017,197,3665,53.7517053206003
"1079","007703",2018,208,3665,56.7530695770805
"1080","007703",2019,172,3665,46.9304229195089
"1081","007707",2010,185,2841,65.1179162266807
"1082","007707",2011,176,2841,61.9500175994368
"1083","007707",2012,206,2841,72.5096796902499
"1084","007707",2013,211,2841,74.2696233720521
"1085","007707",2014,243,2841,85.5332629355861
"1086","007707",2015,154,2841,54.2062653995072
"1087","007707",2016,195,2841,68.6378035902851
"1088","007707",2017,180,2841,63.3579725448786
"1089","007707",2018,191,2841,67.2298486448434
"1090","007707",2019,150,2841,52.7983104540655
"1091","007708",2010,124,1837,67.5013609145346
"1092","007708",2011,131,1837,71.3119216113228
"1093","007708",2012,133,1837,72.4006532389766
"1094","007708",2013,170,1837,92.5421883505716
"1095","007708",2014,147,1837,80.0217746325531
"1096","007708",2015,161,1837,87.6428960261295
"1097","007708",2016,125,1837,68.0457267283615
"1098","007708",2017,96,1837,52.2591181273816
"1099","007708",2018,115,1837,62.6020685900925
"1100","007708",2019,113,1837,61.5133369624388
"1101","007709",2010,93,1599,58.1613508442777
"1102","007709",2011,122,1599,76.2976860537836
"1103","007709",2012,142,1599,88.8055034396498
"1104","007709",2013,149,1599,93.1832395247029
"1105","007709",2014,176,1599,110.068792995622
"1106","007709",2015,142,1599,88.8055034396498
"1107","007709",2016,107,1599,66.916823014384
"1108","007709",2017,100,1599,62.5390869293308
"1109","007709",2018,118,1599,73.7961225766104
"1110","007709",2019,89,1599,55.6597873671044
"1111","007803",2010,270,2543,106.173810460087
"1112","007803",2011,276,2543,108.533228470311
"1113","007803",2012,286,2543,112.465591820684
"1114","007803",2013,312,2543,122.689736531656
"1115","007803",2014,389,2543,152.968934329532
"1116","007803",2015,382,2543,150.216279984271
"1117","007803",2016,339,2543,133.307117577664
"1118","007803",2017,363,2543,142.744789618561
"1119","007803",2018,349,2543,137.239480928038
"1120","007803",2019,300,2543,117.970900511207
"1121","007804",2010,204,2432,83.8815789473684
"1122","007804",2011,257,2432,105.674342105263
"1123","007804",2012,234,2432,96.2171052631579
"1124","007804",2013,276,2432,113.486842105263
"1125","007804",2014,294,2432,120.888157894737
"1126","007804",2015,255,2432,104.851973684211
"1127","007804",2016,194,2432,79.7697368421053
"1128","007804",2017,213,2432,87.5822368421053
"1129","007804",2018,193,2432,79.3585526315789
"1130","007804",2019,202,2432,83.0592105263158
"1131","007806",2010,199,1797,110.740122426266
"1132","007806",2011,185,1797,102.949360044519
"1133","007806",2012,152,1797,84.5854201446856
"1134","007806",2013,198,1797,110.183639398998
"1135","007806",2014,234,1797,130.217028380634
"1136","007806",2015,198,1797,110.183639398998
"1137","007806",2016,187,1797,104.062326099054
"1138","007806",2017,147,1797,81.8030050083473
"1139","007806",2018,146,1797,81.2465219810796
"1140","007806",2019,116,1797,64.5520311630495
"1141","007807",2010,150,1593,94.1619585687382
"1142","007807",2011,182,1593,114.249843063402
"1143","007807",2012,143,1593,89.7677338355304
"1144","007807",2013,139,1593,87.2567482736974
"1145","007807",2014,156,1593,97.9284369114878
"1146","007807",2015,130,1593,81.6070307595731
"1147","007807",2016,127,1593,79.7237915881984
"1148","007807",2017,179,1593,112.366603892028
"1149","007807",2018,128,1593,80.3515379786566
"1150","007807",2019,112,1593,70.3075957313245
"1151","007808",2010,203,2544,79.7955974842767
"1152","007808",2011,232,2544,91.1949685534591
"1153","007808",2012,222,2544,87.2641509433962
"1154","007808",2013,257,2544,101.022012578616
"1155","007808",2014,235,2544,92.374213836478
"1156","007808",2015,242,2544,95.125786163522
"1157","007808",2016,193,2544,75.8647798742138
"1158","007808",2017,236,2544,92.7672955974843
"1159","007808",2018,194,2544,76.2578616352201
"1160","007808",2019,173,2544,68.003144654088
"1161","007809",2010,241,2129,113.198684828558
"1162","007809",2011,195,2129,91.5922968529826
"1163","007809",2012,193,2129,90.6528886801315
"1164","007809",2013,184,2129,86.4255519023015
"1165","007809",2014,250,2129,117.426021606388
"1166","007809",2015,182,2129,85.4861437294504
"1167","007809",2016,154,2129,72.334429309535
"1168","007809",2017,161,2129,75.6223579145139
"1169","007809",2018,163,2129,76.561766087365
"1170","007809",2019,143,2129,67.1676843588539
"1171","007901",2010,189,2771,68.206423673764
"1172","007901",2011,159,2771,57.380007217611
"1173","007901",2012,185,2771,66.7629014796102
"1174","007901",2013,216,2771,77.9501984843017
"1175","007901",2014,267,2771,96.3551064597618
"1176","007901",2015,239,2771,86.2504511006857
"1177","007901",2016,204,2771,73.6196319018405
"1178","007901",2017,228,2771,82.2807650667629
"1179","007901",2018,187,2771,67.4846625766871
"1180","007901",2019,223,2771,80.4763623240707
"1181","007903",2010,101,1407,71.7839374555792
"1182","007903",2011,83,1407,58.9907604832978
"1183","007903",2012,76,1407,54.0156361051883
"1184","007903",2013,73,1407,51.8834399431414
"1185","007903",2014,94,1407,66.8088130774698
"1186","007903",2015,80,1407,56.8585643212509
"1187","007903",2016,70,1407,49.7512437810945
"1188","007903",2017,66,1407,46.908315565032
"1189","007903",2018,56,1407,39.8009950248756
"1190","007903",2019,60,1407,42.6439232409382
"1191","008001",2010,164,2397,68.4188569044639
"1192","008001",2011,181,2397,75.5110554860242
"1193","008001",2012,188,2397,78.4313725490196
"1194","008001",2013,202,2397,84.2720066750104
"1195","008001",2014,245,2397,102.211097204839
"1196","008001",2015,194,2397,80.9345014601585
"1197","008001",2016,159,2397,66.3329161451815
"1198","008001",2017,138,2397,57.5719649561952
"1199","008001",2018,112,2397,46.7250730079266
"1200","008001",2019,142,2397,59.2407175636212
"1201","008002",2010,179,2614,68.4774292272379
"1202","008002",2011,188,2614,71.920428462127
"1203","008002",2012,212,2614,81.1017597551645
"1204","008002",2013,205,2614,78.4238714613619
"1205","008002",2014,203,2614,77.6587605202754
"1206","008002",2015,165,2614,63.1216526396327
"1207","008002",2016,190,2614,72.6855394032135
"1208","008002",2017,126,2614,48.2019892884468
"1209","008002",2018,113,2614,43.2287681713848
"1210","008002",2019,145,2614,55.4705432287682
"1211","008100",2010,108,2551,42.3363386907095
"1212","008100",2011,132,2551,51.7444139553116
"1213","008100",2012,165,2551,64.6805174441396
"1214","008100",2013,151,2551,59.1924735397883
"1215","008100",2014,123,2551,48.2163857310859
"1216","008100",2015,138,2551,54.0964327714622
"1217","008100",2016,108,2551,42.3363386907095
"1218","008100",2017,85,2551,33.3202665621325
"1219","008100",2018,75,2551,29.4002352018816
"1220","008100",2019,105,2551,41.1603292826343
"1221","008200",2010,65,2674,24.3081525804039
"1222","008200",2011,114,2674,42.6327599102468
"1223","008200",2012,122,2674,45.6245325355273
"1224","008200",2013,137,2674,51.2341062079282
"1225","008200",2014,100,2674,37.397157816006
"1226","008200",2015,111,2674,41.5108451757666
"1227","008200",2016,93,2674,34.7793567688856
"1228","008200",2017,83,2674,31.039640987285
"1229","008200",2018,52,2674,19.4465220643231
"1230","008200",2019,82,2674,30.6656694091249
"1231","008301",2010,98,2039,48.0627758705248
"1232","008301",2011,125,2039,61.3045610593428
"1233","008301",2012,140,2039,68.661108386464
"1234","008301",2013,139,2039,68.1706718979892
"1235","008301",2014,168,2039,82.3933300637567
"1236","008301",2015,157,2039,76.9985286905346
"1237","008301",2016,157,2039,76.9985286905346
"1238","008301",2017,130,2039,63.7567435017165
"1239","008301",2018,112,2039,54.9288867091712
"1240","008301",2019,139,2039,68.1706718979892
"1241","008302",2010,131,1940,67.5257731958763
"1242","008302",2011,147,1940,75.7731958762887
"1243","008302",2012,183,1940,94.3298969072165
"1244","008302",2013,172,1940,88.659793814433
"1245","008302",2014,157,1940,80.9278350515464
"1246","008302",2015,191,1940,98.4536082474227
"1247","008302",2016,264,1940,136.082474226804
"1248","008302",2017,249,1940,128.350515463918
"1249","008302",2018,319,1940,164.432989690722
"1250","008302",2019,274,1940,141.237113402062
"1251","008402",2010,174,1920,90.625
"1252","008402",2011,173,1920,90.1041666666667
"1253","008402",2012,202,1920,105.208333333333
"1254","008402",2013,236,1920,122.916666666667
"1255","008402",2014,232,1920,120.833333333333
"1256","008402",2015,217,1920,113.020833333333
"1257","008402",2016,198,1920,103.125
"1258","008402",2017,146,1920,76.0416666666667
"1259","008402",2018,128,1920,66.6666666666667
"1260","008402",2019,149,1920,77.6041666666667
"1261","008410",2010,172,1232,139.61038961039
"1262","008410",2011,208,1232,168.831168831169
"1263","008410",2012,195,1232,158.279220779221
"1264","008410",2013,234,1232,189.935064935065
"1265","008410",2014,250,1232,202.922077922078
"1266","008410",2015,259,1232,210.227272727273
"1267","008410",2016,232,1232,188.311688311688
"1268","008410",2017,207,1232,168.019480519481
"1269","008410",2018,187,1232,151.785714285714
"1270","008410",2019,207,1232,168.019480519481
"1271","008701",2010,150,1978,75.8341759352882
"1272","008701",2011,193,1978,97.5733063700708
"1273","008701",2012,212,1978,107.178968655207
"1274","008701",2013,170,1978,85.9453993933266
"1275","008701",2014,253,1978,127.906976744186
"1276","008701",2015,195,1978,98.5844287158746
"1277","008701",2016,145,1978,73.3063700707786
"1278","008701",2017,152,1978,76.845298281092
"1279","008701",2018,160,1978,80.8897876643074
"1280","008701",2019,180,1978,91.0010111223458
"1281","008702",2010,135,1325,101.88679245283
"1282","008702",2011,109,1325,82.2641509433962
"1283","008702",2012,136,1325,102.641509433962
"1284","008702",2013,111,1325,83.7735849056604
"1285","008702",2014,124,1325,93.5849056603774
"1286","008702",2015,144,1325,108.679245283019
"1287","008702",2016,148,1325,111.698113207547
"1288","008702",2017,109,1325,82.2641509433962
"1289","008702",2018,130,1325,98.1132075471698
"1290","008702",2019,133,1325,100.377358490566
"1291","008802",2010,233,3301,70.5846713117237
"1292","008802",2011,182,3301,55.1348076340503
"1293","008802",2012,225,3301,68.1611632838534
"1294","008802",2013,223,3301,67.5552862768858
"1295","008802",2014,279,3301,84.5198424719782
"1296","008802",2015,243,3301,73.6140563465617
"1297","008802",2016,267,3301,80.8845804301727
"1298","008802",2017,353,3301,106.937291729779
"1299","008802",2018,261,3301,79.0669494092699
"1300","008802",2019,309,3301,93.607997576492
"1301","008803",2010,224,1709,131.070801638385
"1302","008803",2011,295,1709,172.615564657695
"1303","008803",2012,319,1709,186.658864833236
"1304","008803",2013,289,1709,169.104739613809
"1305","008803",2014,251,1709,146.869514335869
"1306","008803",2015,314,1709,183.733177296665
"1307","008803",2016,318,1709,186.073727325922
"1308","008803",2017,324,1709,189.584552369807
"1309","008803",2018,453,1709,265.067290813341
"1310","008803",2019,448,1709,262.14160327677
"1311","008804",2010,164,1883,87.0950610727563
"1312","008804",2011,180,1883,95.5921402018056
"1313","008804",2012,228,1883,121.083377588954
"1314","008804",2013,206,1883,109.399893786511
"1315","008804",2014,233,1883,123.738714816782
"1316","008804",2015,207,1883,109.930961232076
"1317","008804",2016,269,1883,142.857142857143
"1318","008804",2017,235,1883,124.800849707913
"1319","008804",2018,192,1883,101.964949548593
"1320","008804",2019,235,1883,124.800849707913
"1321","008903",2010,163,1992,81.8273092369478
"1322","008903",2011,191,1992,95.8835341365462
"1323","008903",2012,204,1992,102.409638554217
"1324","008903",2013,203,1992,101.907630522088
"1325","008903",2014,200,1992,100.401606425703
"1326","008903",2015,207,1992,103.915662650602
"1327","008903",2016,169,1992,84.8393574297189
"1328","008903",2017,154,1992,77.3092369477912
"1329","008903",2018,119,1992,59.7389558232932
"1330","008903",2019,196,1992,98.3935742971888
"1331","008904",2010,198,2569,77.0727909692487
"1332","008904",2011,236,2569,91.8645387310238
"1333","008904",2012,324,2569,126.119112495134
"1334","008904",2013,395,2569,153.756325418451
"1335","008904",2014,350,2569,136.239782016349
"1336","008904",2015,332,2569,129.233164655508
"1337","008904",2016,316,2569,123.005060334761
"1338","008904",2017,327,2569,127.286882055274
"1339","008904",2018,321,2569,124.951342934994
"1340","008904",2019,246,2569,95.7571039314908
"1341","009000",2010,133,2430,54.7325102880658
"1342","009000",2011,99,2430,40.7407407407407
"1343","009000",2012,121,2430,49.7942386831276
"1344","009000",2013,156,2430,64.1975308641975
"1345","009000",2014,174,2430,71.6049382716049
"1346","009000",2015,127,2430,52.2633744855967
"1347","009000",2016,118,2430,48.559670781893
"1348","009000",2017,222,2430,91.358024691358
"1349","009000",2018,222,2430,91.358024691358
"1350","009000",2019,245,2430,100.82304526749
"1351","009102",2010,353,3039,116.15663047055
"1352","009102",2011,428,3039,140.835801250411
"1353","009102",2012,483,3039,158.93385982231
"1354","009102",2013,550,3039,180.980585718987
"1355","009102",2014,618,3039,203.356367226061
"1356","009102",2015,632,3039,207.963145771635
"1357","009102",2016,564,3039,185.587364264561
"1358","009102",2017,610,3039,200.723922342876
"1359","009102",2018,571,3039,187.890753537348
"1360","009102",2019,658,3039,216.518591641988
"1361","009201",2010,89,1758,50.6257110352674
"1362","009201",2011,87,1758,49.4880546075085
"1363","009201",2012,129,1758,73.3788395904437
"1364","009201",2013,106,1758,60.2957906712173
"1365","009201",2014,164,1758,93.287827076223
"1366","009201",2015,167,1758,94.9943117178612
"1367","009201",2016,134,1758,76.2229806598407
"1368","009201",2017,135,1758,76.7918088737201
"1369","009201",2018,161,1758,91.5813424345848
"1370","009201",2019,132,1758,75.0853242320819
"1371","009203",2010,99,2109,46.9416785206259
"1372","009203",2011,86,2109,40.7776197249881
"1373","009203",2012,78,2109,36.9843527738265
"1374","009203",2013,88,2109,41.7259364627786
"1375","009203",2014,111,2109,52.6315789473684
"1376","009203",2015,100,2109,47.4158368895211
"1377","009203",2016,75,2109,35.5618776671408
"1378","009203",2017,74,2109,35.0877192982456
"1379","009203",2018,77,2109,36.5101944049312
"1380","009203",2019,77,2109,36.5101944049312
"1381","009204",2010,119,2028,58.6785009861933
"1382","009204",2011,147,2028,72.4852071005917
"1383","009204",2012,134,2028,66.0749506903353
"1384","009204",2013,116,2028,57.1992110453649
"1385","009204",2014,180,2028,88.7573964497041
"1386","009204",2015,139,2028,68.5404339250493
"1387","009204",2016,150,2028,73.9644970414201
"1388","009204",2017,126,2028,62.1301775147929
"1389","009204",2018,109,2028,53.7475345167653
"1390","009204",2019,93,2028,45.8579881656805
"1391","009301",2010,218,2617,83.3014902560183
"1392","009301",2011,222,2617,84.829957967138
"1393","009301",2012,191,2617,72.984333205961
"1394","009301",2013,199,2617,76.0412686282002
"1395","009301",2014,241,2617,92.0901795949561
"1396","009301",2015,279,2617,106.610622850592
"1397","009301",2016,325,2617,124.188001528468
"1398","009301",2017,226,2617,86.3584256782575
"1399","009301",2018,224,2617,85.5941918226977
"1400","009301",2019,216,2617,82.5372564004585
"1401","009302",2010,83,958,86.6388308977036
"1402","009302",2011,79,958,82.4634655532359
"1403","009302",2012,79,958,82.4634655532359
"1404","009302",2013,108,958,112.734864300626
"1405","009302",2014,131,958,136.743215031315
"1406","009302",2015,107,958,111.691022964509
"1407","009302",2016,83,958,86.6388308977036
"1408","009302",2017,51,958,53.2359081419624
"1409","009302",2018,61,958,63.6743215031315
"1410","009302",2019,70,958,73.0688935281837
"1411","009400",2010,163,3397,47.9835148660583
"1412","009400",2011,223,3397,65.6461583750368
"1413","009400",2012,232,3397,68.2955549013836
"1414","009400",2013,219,3397,64.4686488077716
"1415","009400",2014,272,3397,80.0706505740359
"1416","009400",2015,297,3397,87.4300853694436
"1417","009400",2016,292,3397,85.9581984103621
"1418","009400",2017,237,3397,69.7674418604651
"1419","009400",2018,204,3397,60.0529879305269
"1420","009400",2019,225,3397,66.2349131586694
"1421","009501",2010,124,5099,24.3184938223181
"1422","009501",2011,96,5099,18.8272210237301
"1423","009501",2012,105,5099,20.5922729947048
"1424","009501",2013,114,5099,22.3573249656795
"1425","009501",2014,134,5099,26.2796626789567
"1426","009501",2015,119,5099,23.3379093939988
"1427","009501",2016,99,5099,19.4155716807217
"1428","009501",2017,123,5099,24.1223769366542
"1429","009501",2018,162,5099,31.7709354775446
"1430","009501",2019,132,5099,25.8874289076289
"1431","009503",2010,97,2433,39.8684751335799
"1432","009503",2011,101,2433,41.5125359638307
"1433","009503",2012,127,2433,52.1989313604603
"1434","009503",2013,107,2433,43.9786272092067
"1435","009503",2014,114,2433,46.8557336621455
"1436","009503",2015,89,2433,36.5803534730785
"1437","009503",2016,75,2433,30.826140567201
"1438","009503",2017,69,2433,28.3600493218249
"1439","009503",2018,107,2433,43.9786272092067
"1440","009503",2019,86,2433,35.3473078503905
"1441","009504",2010,146,2603,56.0891279293123
"1442","009504",2011,174,2603,66.845946984249
"1443","009504",2012,178,2603,68.3826354206684
"1444","009504",2013,183,2603,70.3034959661929
"1445","009504",2014,217,2603,83.3653476757587
"1446","009504",2015,185,2603,71.0718401844026
"1447","009504",2016,184,2603,70.6876680752977
"1448","009504",2017,157,2603,60.315021129466
"1449","009504",2018,188,2603,72.2243565117173
"1450","009504",2019,170,2603,65.3092585478294
"1451","009505",2010,130,2197,59.1715976331361
"1452","009505",2011,112,2197,50.9786071916249
"1453","009505",2012,106,2197,48.2476103777879
"1454","009505",2013,86,2197,39.1442876649977
"1455","009505",2014,152,2197,69.1852526172053
"1456","009505",2015,184,2197,83.7505689576696
"1457","009505",2016,214,2197,97.4055530268548
"1458","009505",2017,196,2197,89.2125625853436
"1459","009505",2018,256,2197,116.522530723714
"1460","009505",2019,178,2197,81.0195721438325
"1461","009507",2010,27,1209,22.3325062034739
"1462","009507",2011,44,1209,36.3937138130687
"1463","009507",2012,36,1209,29.7766749379653
"1464","009507",2013,41,1209,33.9123242349049
"1465","009507",2014,54,1209,44.6650124069479
"1466","009507",2015,49,1209,40.5293631100083
"1467","009507",2016,53,1209,43.83788254756
"1468","009507",2017,39,1209,32.258064516129
"1469","009507",2018,45,1209,37.2208436724566
"1470","009507",2019,58,1209,47.9735318444996
"1471","009508",2010,114,2785,40.9335727109515
"1472","009508",2011,116,2785,41.6517055655296
"1473","009508",2012,108,2785,38.7791741472172
"1474","009508",2013,80,2785,28.7253141831239
"1475","009508",2014,115,2785,41.2926391382406
"1476","009508",2015,97,2785,34.8294434470377
"1477","009508",2016,108,2785,38.7791741472172
"1478","009508",2017,117,2785,42.0107719928187
"1479","009508",2018,119,2785,42.7289048473968
"1480","009508",2019,129,2785,46.3195691202872
"1481","009509",2010,69,2400,28.75
"1482","009509",2011,66,2400,27.5
"1483","009509",2012,80,2400,33.3333333333333
"1484","009509",2013,65,2400,27.0833333333333
"1485","009509",2014,102,2400,42.5
"1486","009509",2015,80,2400,33.3333333333333
"1487","009509",2016,39,2400,16.25
"1488","009509",2017,47,2400,19.5833333333333
"1489","009509",2018,59,2400,24.5833333333333
"1490","009509",2019,49,2400,20.4166666666667
"1491","009601",2010,200,1598,125.156445556946
"1492","009601",2011,138,1598,86.3579474342929
"1493","009601",2012,184,1598,115.14392991239
"1494","009601",2013,169,1598,105.75719649562
"1495","009601",2014,238,1598,148.936170212766
"1496","009601",2015,146,1598,91.3642052565707
"1497","009601",2016,147,1598,91.9899874843554
"1498","009601",2017,147,1598,91.9899874843554
"1499","009601",2018,159,1598,99.4993742177722
"1500","009601",2019,112,1598,70.0876095118899
"1501","009602",2010,177,2287,77.3939658941845
"1502","009602",2011,137,2287,59.903804110188
"1503","009602",2012,126,2287,55.094009619589
"1504","009602",2013,169,2287,73.8959335373852
"1505","009602",2014,182,2287,79.5802361171841
"1506","009602",2015,145,2287,63.4018364669873
"1507","009602",2016,169,2287,73.8959335373852
"1508","009602",2017,155,2287,67.7743769129865
"1509","009602",2018,182,2287,79.5802361171841
"1510","009602",2019,221,2287,96.6331438565807
"1511","009603",2010,279,2646,105.442176870748
"1512","009603",2011,270,2646,102.040816326531
"1513","009603",2012,334,2646,126.228269085412
"1514","009603",2013,371,2646,140.21164021164
"1515","009603",2014,467,2646,176.492819349962
"1516","009603",2015,346,2646,130.763416477702
"1517","009603",2016,445,2646,168.178382464097
"1518","009603",2017,485,2646,183.295540438398
"1519","009603",2018,346,2646,130.763416477702
"1520","009603",2019,302,2646,114.134542705971
"1521","009604",2010,67,1592,42.0854271356784
"1522","009604",2011,94,1592,59.0452261306533
"1523","009604",2012,87,1592,54.6482412060301
"1524","009604",2013,92,1592,57.7889447236181
"1525","009604",2014,84,1592,52.7638190954774
"1526","009604",2015,96,1592,60.3015075376884
"1527","009604",2016,77,1592,48.3668341708543
"1528","009604",2017,77,1592,48.3668341708543
"1529","009604",2018,70,1592,43.9698492462312
"1530","009604",2019,78,1592,48.9949748743719
"1531","009700",2010,150,2256,66.4893617021277
"1532","009700",2011,155,2256,68.7056737588652
"1533","009700",2012,144,2256,63.8297872340425
"1534","009700",2013,129,2256,57.1808510638298
"1535","009700",2014,102,2256,45.2127659574468
"1536","009700",2015,120,2256,53.1914893617021
"1537","009700",2016,152,2256,67.3758865248227
"1538","009700",2017,113,2256,50.0886524822695
"1539","009700",2018,94,2256,41.6666666666667
"1540","009700",2019,91,2256,40.3368794326241
"1541","009801",2010,98,1100,89.0909090909091
"1542","009801",2011,88,1100,80
"1543","009801",2012,67,1100,60.9090909090909
"1544","009801",2013,85,1100,77.2727272727273
"1545","009801",2014,88,1100,80
"1546","009801",2015,97,1100,88.1818181818182
"1547","009801",2016,85,1100,77.2727272727273
"1548","009801",2017,69,1100,62.7272727272727
"1549","009801",2018,54,1100,49.0909090909091
"1550","009801",2019,78,1100,70.9090909090909
"1551","009802",2010,110,1136,96.830985915493
"1552","009802",2011,92,1136,80.9859154929577
"1553","009802",2012,72,1136,63.3802816901408
"1554","009802",2013,92,1136,80.9859154929577
"1555","009802",2014,59,1136,51.9366197183099
"1556","009802",2015,61,1136,53.6971830985915
"1557","009802",2016,69,1136,60.7394366197183
"1558","009802",2017,61,1136,53.6971830985915
"1559","009802",2018,51,1136,44.8943661971831
"1560","009802",2019,57,1136,50.1760563380282
"1561","009803",2010,183,2000,91.5
"1562","009803",2011,156,2000,78
"1563","009803",2012,176,2000,88
"1564","009803",2013,125,2000,62.5
"1565","009803",2014,129,2000,64.5
"1566","009803",2015,114,2000,57
"1567","009803",2016,138,2000,69
"1568","009803",2017,102,2000,51
"1569","009803",2018,91,2000,45.5
"1570","009803",2019,67,2000,33.5
"1571","009804",2010,193,1778,108.548931383577
"1572","009804",2011,201,1778,113.048368953881
"1573","009804",2012,105,1778,59.0551181102362
"1574","009804",2013,148,1778,83.2395950506187
"1575","009804",2014,118,1778,66.3667041619798
"1576","009804",2015,119,1778,66.9291338582677
"1577","009804",2016,116,1778,65.2418447694038
"1578","009804",2017,83,1778,46.681664791901
"1579","009804",2018,76,1778,42.7446569178853
"1580","009804",2019,59,1778,33.1833520809899
"1581","009807",2010,321,2396,133.973288814691
"1582","009807",2011,212,2396,88.4808013355593
"1583","009807",2012,234,2396,97.6627712854758
"1584","009807",2013,245,2396,102.253756260434
"1585","009807",2014,250,2396,104.340567612688
"1586","009807",2015,199,2396,83.0550918196995
"1587","009807",2016,212,2396,88.4808013355593
"1588","009807",2017,205,2396,85.559265442404
"1589","009807",2018,159,2396,66.3606010016695
"1590","009807",2019,154,2396,64.2737896494157
"1591","009810",2010,218,1734,125.720876585928
"1592","009810",2011,171,1734,98.6159169550173
"1593","009810",2012,180,1734,103.806228373702
"1594","009810",2013,170,1734,98.0392156862745
"1595","009810",2014,144,1734,83.0449826989619
"1596","009810",2015,123,1734,70.9342560553633
"1597","009810",2016,141,1734,81.3148788927336
"1598","009810",2017,106,1734,61.1303344867359
"1599","009810",2018,92,1734,53.0565167243368
"1600","009810",2019,86,1734,49.59630911188
"1601","009811",2010,205,2945,69.6095076400679
"1602","009811",2011,182,2945,61.7996604414261
"1603","009811",2012,187,2945,63.4974533106961
"1604","009811",2013,203,2945,68.9303904923599
"1605","009811",2014,136,2945,46.1799660441426
"1606","009811",2015,152,2945,51.6129032258064
"1607","009811",2016,155,2945,52.6315789473684
"1608","009811",2017,114,2945,38.7096774193548
"1609","009811",2018,104,2945,35.3140916808149
"1610","009811",2019,100,2945,33.955857385399
"1611","009901",2010,129,1876,68.7633262260128
"1612","009901",2011,119,1876,63.4328358208955
"1613","009901",2012,144,1876,76.7590618336887
"1614","009901",2013,121,1876,64.498933901919
"1615","009901",2014,143,1876,76.226012793177
"1616","009901",2015,140,1876,74.6268656716418
"1617","009901",2016,129,1876,68.7633262260128
"1618","009901",2017,125,1876,66.6311300639659
"1619","009901",2018,122,1876,65.0319829424307
"1620","009901",2019,131,1876,69.8294243070362
"1621","009902",2010,111,2273,48.8341399032116
"1622","009902",2011,111,2273,48.8341399032116
"1623","009902",2012,140,2273,61.5926088869336
"1624","009902",2013,104,2273,45.7545094588649
"1625","009902",2014,109,2273,47.9542454905411
"1626","009902",2015,99,2273,43.5547734271887
"1627","009902",2016,122,2273,53.6735591728993
"1628","009902",2017,101,2273,44.4346678398592
"1629","009902",2018,134,2273,58.9529256489221
"1630","009902",2019,147,2273,64.6722393312803
"1631","009903",2010,73,1358,53.7555228276878
"1632","009903",2011,97,1358,71.4285714285714
"1633","009903",2012,92,1358,67.7466863033873
"1634","009903",2013,98,1358,72.1649484536082
"1635","009903",2014,118,1358,86.8924889543446
"1636","009903",2015,92,1358,67.7466863033873
"1637","009903",2016,97,1358,71.4285714285714
"1638","009903",2017,76,1358,55.9646539027982
"1639","009903",2018,83,1358,61.119293078056
"1640","009903",2019,44,1358,32.40058910162
"1641","009904",2010,110,1546,71.1513583441138
"1642","009904",2011,115,1546,74.385510996119
"1643","009904",2012,141,1546,91.2031047865459
"1644","009904",2013,145,1546,93.7904269081501
"1645","009904",2014,180,1546,116.429495472186
"1646","009904",2015,167,1546,108.020698576973
"1647","009904",2016,146,1546,94.4372574385511
"1648","009904",2017,125,1546,80.8538163001294
"1649","009904",2018,143,1546,92.496765847348
"1650","009904",2019,102,1546,65.9767141009056
"1651","009905",2010,163,2012,81.013916500994
"1652","009905",2011,121,2012,60.1391650099404
"1653","009905",2012,140,2012,69.5825049701789
"1654","009905",2013,215,2012,106.858846918489
"1655","009905",2014,193,2012,95.9244532803181
"1656","009905",2015,191,2012,94.9304174950298
"1657","009905",2016,170,2012,84.493041749503
"1658","009905",2017,170,2012,84.493041749503
"1659","009905",2018,166,2012,82.5049701789264
"1660","009905",2019,116,2012,57.6540755467197
"1661","009906",2010,89,1001,88.9110889110889
"1662","009906",2011,93,1001,92.9070929070929
"1663","009906",2012,91,1001,90.9090909090909
"1664","009906",2013,101,1001,100.899100899101
"1665","009906",2014,113,1001,112.887112887113
"1666","009906",2015,102,1001,101.898101898102
"1667","009906",2016,84,1001,83.9160839160839
"1668","009906",2017,92,1001,91.9080919080919
"1669","009906",2018,82,1001,81.9180819180819
"1670","009906",2019,72,1001,71.9280719280719
"1671","009907",2010,122,1893,64.4479661912308
"1672","009907",2011,131,1893,69.202324352879
"1673","009907",2012,136,1893,71.8436344426836
"1674","009907",2013,138,1893,72.9001584786054
"1675","009907",2014,125,1893,66.0327522451136
"1676","009907",2015,124,1893,65.5044902271527
"1677","009907",2016,85,1893,44.9022715266772
"1678","009907",2017,86,1893,45.4305335446381
"1679","009907",2018,89,1893,47.0153195985209
"1680","009907",2019,64,1893,33.8087691494982
"1681","010100",2010,404,2529,159.746935547647
"1682","010100",2011,395,2529,156.188216686437
"1683","010100",2012,457,2529,180.703835508106
"1684","010100",2013,410,2529,162.119414788454
"1685","010100",2014,536,2529,211.941478845393
"1686","010100",2015,494,2529,195.334124159747
"1687","010100",2016,541,2529,213.918544879399
"1688","010100",2017,384,2529,151.838671411625
"1689","010100",2018,428,2529,169.236852510874
"1690","010100",2019,619,2529,244.760775009885
"1691","010200",2010,198,2193,90.2872777017784
"1692","010200",2011,236,2193,107.615139078887
"1693","010200",2012,239,2193,108.983128134975
"1694","010200",2013,241,2193,109.895120839033
"1695","010200",2014,263,2193,119.927040583675
"1696","010200",2015,252,2193,114.911080711354
"1697","010200",2016,287,2193,130.870953032376
"1698","010200",2017,331,2193,150.93479252166
"1699","010200",2018,359,2193,163.702690378477
"1700","010200",2019,415,2193,189.238486092111
"1701","010300",2010,112,2677,41.8378782218902
"1702","010300",2011,113,2677,42.2114307060142
"1703","010300",2012,87,2677,32.4990661187897
"1704","010300",2013,124,2677,46.3205080313784
"1705","010300",2014,140,2677,52.2973477773627
"1706","010300",2015,113,2677,42.2114307060142
"1707","010300",2016,112,2677,41.8378782218902
"1708","010300",2017,110,2677,41.0907732536421
"1709","010300",2018,132,2677,49.3089279043706
"1710","010300",2019,86,2677,32.1255136346657
"1711","010400",2010,354,3362,105.294467578822
"1712","010400",2011,429,3362,127.60261748959
"1713","010400",2012,351,3362,104.402141582391
"1714","010400",2013,416,3362,123.735871505057
"1715","010400",2014,379,3362,112.730517549078
"1716","010400",2015,344,3362,102.32004759072
"1717","010400",2016,301,3362,89.5300416418798
"1718","010400",2017,331,3362,98.4533016061868
"1719","010400",2018,293,3362,87.150505651398
"1720","010400",2019,216,3362,64.2474717430101
"1721","010500",2010,90,2946,30.5498981670061
"1722","010500",2011,111,2946,37.6782077393075
"1723","010500",2012,104,2946,35.3021045485404
"1724","010500",2013,92,2946,31.2287847929396
"1725","010500",2014,87,2946,29.5315682281059
"1726","010500",2015,99,2946,33.6048879837067
"1727","010500",2016,93,2946,31.5682281059063
"1728","010500",2017,72,2946,24.4399185336049
"1729","010500",2018,83,2946,28.173794976239
"1730","010500",2019,82,2946,27.8343516632722
"1731","010600",2010,462,3397,136.002355019135
"1732","010600",2011,512,3397,150.72122460995
"1733","010600",2012,735,3397,216.367382984987
"1734","010600",2013,650,3397,191.345304680601
"1735","010600",2014,691,3397,203.414777745069
"1736","010600",2015,625,3397,183.985869885193
"1737","010600",2016,736,3397,216.661760376803
"1738","010600",2017,713,3397,209.891080365028
"1739","010600",2018,827,3397,243.450103032087
"1740","010600",2019,807,3397,237.562555195761
"1741","010700",2010,841,1821,461.834157056562
"1742","010700",2011,839,1821,460.735859417902
"1743","010700",2012,868,1821,476.661175178473
"1744","010700",2013,743,1821,408.017572762219
"1745","010700",2014,788,1821,432.72926963207
"1746","010700",2015,901,1821,494.783086216365
"1747","010700",2016,810,1821,444.810543657331
"1748","010700",2017,676,1821,371.224601867106
"1749","010700",2018,788,1821,432.72926963207
"1750","010700",2019,1013,1821,556.287753981329
"1751","010800",2010,181,6381,28.365459959254
"1752","010800",2011,188,6381,29.4624666980097
"1753","010800",2012,221,6381,34.6340698950008
"1754","010800",2013,208,6381,32.5967716658831
"1755","010800",2014,278,6381,43.5668390534399
"1756","010800",2015,300,6381,47.0145745181006
"1757","010800",2016,257,6381,40.2758188371729
"1758","010800",2017,181,6381,28.365459959254
"1759","010800",2018,200,6381,31.3430496787337
"1760","010800",2019,226,6381,35.4176461369691
"1761","010900",2010,177,2356,75.1273344651952
"1762","010900",2011,142,2356,60.2716468590832
"1763","010900",2012,148,2356,62.8183361629881
"1764","010900",2013,112,2356,47.5382003395586
"1765","010900",2014,137,2356,58.1494057724958
"1766","010900",2015,134,2356,56.8760611205433
"1767","010900",2016,115,2356,48.811544991511
"1768","010900",2017,117,2356,49.660441426146
"1769","010900",2018,91,2356,38.6247877758913
"1770","010900",2019,95,2356,40.3225806451613
"1771","011000",2010,50,3354,14.9075730471079
"1772","011000",2011,52,3354,15.5038759689922
"1773","011000",2012,53,3354,15.8020274299344
"1774","011000",2013,57,3354,16.994633273703
"1775","011000",2014,44,3354,13.118664281455
"1776","011000",2015,43,3354,12.8205128205128
"1777","011000",2016,60,3354,17.8890876565295
"1778","011000",2017,44,3354,13.118664281455
"1779","011000",2018,39,3354,11.6279069767442
"1780","011000",2019,36,3354,10.7334525939177
"1781","011100",2010,443,3945,112.294043092522
"1782","011100",2011,482,3945,122.179974651458
"1783","011100",2012,520,3945,131.812420785805
"1784","011100",2013,534,3945,135.361216730038
"1785","011100",2014,600,3945,152.091254752852
"1786","011100",2015,654,3945,165.779467680608
"1787","011100",2016,520,3945,131.812420785805
"1788","011100",2017,618,3945,156.653992395437
"1789","011100",2018,595,3945,150.823827629911
"1790","011100",2019,552,3945,139.923954372624
